Id,UserId,AdoptionLisitingId,Createdat,Status
11b4b92c-23db-4697-a0f3-9cd193cd9993,a97e2769-1714-4f54-b308-7f3c40b53491,,,pending
23688d48-544c-4853-b18d-44b0004b31e0,d9d42875-1d17-4899-8d1f-1cdbafc08d28,,,pending
abcfef73-bd0d-4349-82d2-d5389897cb6c,c120a395-0227-4e29-9941-38c3efa8d294,,,pending
b97c2b18-fdca-401c-8fb1-b0371a28e5fb,7089ed87-0d27-4d9f-bf05-565f5b6254de,,,pending
4cad0e3d-4bc4-4dc3-aa76-8df527147e81,69bb7e2a-f458-4d98-9a1f-3ce6e9779b76,,,pending
f0001ae0-4f0b-4666-bb8a-364e6981acaf,7f4f0881-cc7e-461c-ad28-4afd01d6b698,,,pending
e0b4e1b5-6a8c-4dae-8eed-636ca25b21e2,7089ed87-0d27-4d9f-bf05-565f5b6254de,,,pending
91b532e8-2d3a-44c2-ba3b-a5216733fc81,39e5185b-2239-4807-ad8c-6b3165fb99ca,,,pending
1fbd4574-2fcc-455f-8c81-49d8d648393c,ea869617-69c7-44d4-a28f-80fa5fbd25e9,,,pending
9548c315-93e0-445a-aa49-b686ba584e29,bd0455b8-eb83-44f9-bfbf-e18e3dad56e1,,,pending
